Название объявления,Текст объявления,Марка авто,Модель Авто,Год,Кузов,Цена,Фотография,Количество,Left-Right,Front-Back,Up-Down,Номер,Двигатель
Стекло лобовое ТОYOTA Cor…,Стекло лобовое ТОYOTA Corolla /АЕ101/,Toyota,Corolla,,,2540,,,,,,,
Стекло переднее опускное …,Стекло переднее опускное RENAULT Logan/LADA Largus левое,ВАЗ (Lada),Largus,,,1550,,,Left,Front,,,
Стекло переднее опускное …,Стекло переднее опускное RENAULT Logan/LADA Largus правое,ВАЗ (Lada),Largus,,,1550,,,,Front,,,
Стойка передняя Renault L…,"Стойка передняя Renault Logan/Largus  ""FINWHALE"" газомаслян.",ВАЗ (Lada),Largus,,,2060,,,,Front,,,
Стойка передняя Renault L…,"Стойка передняя Renault Logan/Largus  ""KAYABA""/газов.",ВАЗ (Lada),Largus,,,3180,,,,Front,,,
Стойка передняя Renault L…,"Стойка передняя Renault Logan/Largus  ""АТ"" газомаслян.",ВАЗ (Lada),Largus,,,1450,,,,Front,,,
Стойка передняя TOYOTA /K…,Стойка передняя TOYOTA /KYB/,Toyota,,,,6990,,,,Front,,,
Стойка передняя/газов. FO…,"Стойка передняя/газов. FORD FOCUS II  правая ""Pilenga""",Ford,Focus,,,1833,,,Right,Front,,,
Стойка передняя/газов. FO…,"Стойка передняя/газов. FORD FOCUS II левая ""Pilenga""",Ford,Focus,,,1833,,,Left,Front,,,
Стойка стабилизатора FORD…,"Стойка стабилизатора FORD Focus II ""АТ""",Ford,Focus,,,300,,,,,,,
,"Стойка стабилизатора FORD Focus III ""АТ""",Ford,Focus,,,290,,,,,,,
Стойка стабилизатора HYUN…,"Стойка стабилизатора HYUNDAI Solaris ""АТ""",Hyundai,Solaris,,,274,,,,,,,
Стойка стабилизатора Rena…,"Стойка стабилизатора Renault Duster II ""АТ""",Renault,Duster,,,295,,,,,,,
Стойка стабилизатора Toyo…,"Стойка стабилизатора Toyota Corolla IХ ""АТ""",Toyota,Corolla,,,290,,,,,,,
Ступица LOGAN переднего к…,Ступица LOGAN переднего колеса  МР0075   21 зуб,Renault,Logan,,,987,,,,Front,,,
Тяга рулевая FIAT Ducato …,"Тяга рулевая FIAT Ducato III внутр. ""Pilenga""",Fiat,Ducato,,,590,,,Left,,,,
Тяга стабилизатора заднег…,Тяга стабилизатора заднего TOYOTA Avensis левая CTR,Toyota,Avensis,,,539,,,Left,Back,,,
Тяга стабилизатора заднег…,Тяга стабилизатора заднего TOYOTA Avensis правая CTR,Toyota,Avensis,,,539,,,Right,Back,,,
Тяга стабилизатора передн…,Тяга стабилизатора переднего TOYOTA Corolla CTR,Toyota,Corolla,,,682,,,,Front,,,
Уплотнитель двери передне…,Уплотнитель двери передней Логан/Ларгус в упаковке,ВАЗ (Lada),Largus,,,530,,,,Front,,,
"Фара ""Renault Logan 2"" ""A…","Фара ""Renault Logan 2"" ""AL"" левая (с 2014г)",Renault,Logan,2014,,3180,,,Left,,,,